0,1,2,3,4,5,6,7,8,9,10,11,12,13,14,15,16,17,18,19,20,21,22,23,24,25,26,27,28,29,30,31,32,33,34,35,36,37,38,39,40,41,42,43,44,45,46,47,48,49,50,51,52,53,54,55,56,57,58,59,60,61,62
80.0,80.0,80.0,110.0,90.0,90.0,100.0,110.0,100.0,150.0,150.0,180.0,110.0,140.0,260.0,130.0,210.0,260.0,100.0,140.0,110.0,130.0,160.0,120.0,140.0,170.0,180.0,150.0,140.0,100.0,90.0,80.0,110.0,70.0,70.0,120.0,180.0,90.0,270.0,100.0,90.0,110.0,100.0,110.0,120.0,260.0,150.0,110.0,190.0,160.0,90.0,120.0,110.0,80.0,110.0,120.0,130.0,140.0,130.0,140.0,260.0,160.0,320.0
80.0,100.0,110.0,90.0,90.0,130.0,90.0,80.0,110.0,70.0,90.0,90.0,110.0,90.0,130.0,70.0,90.0,110.0,130.0,100.0,130.0,90.0,90.0,100.0,170.0,110.0,240.0,230.0,90.0,80.0,80.0,80.0,170.0,70.0,100.0,80.0,60.0,120.0,120.0,110.0,110.0,70.0,80.0,100.0,110.0,110.0,150.0,130.0,180.0,210.0,120.0,110.0,210.0,90.0,100.0,100.0,80.0,370.0,410.0,,,,
70.0,80.0,80.0,90.0,100.0,120.0,140.0,80.0,60.0,100.0,80.0,110.0,80.0,120.0,80.0,90.0,90.0,120.0,100.0,110.0,90.0,80.0,80.0,100.0,70.0,100.0,90.0,110.0,80.0,90.0,80.0,150.0,100.0,190.0,150.0,110.0,90.0,120.0,90.0,120.0,80.0,60.0,120.0,70.0,100.0,210.0,70.0,210.0,90.0,170.0,300.0,110.0,90.0,190.0,80.0,80.0,390.0,580.0,90.0,,,,
80.0,110.0,80.0,80.0,80.0,90.0,100.0,130.0,130.0,120.0,120.0,110.0,90.0,70.0,60.0,80.0,60.0,90.0,100.0,80.0,90.0,80.0,80.0,90.0,80.0,80.0,90.0,110.0,110.0,110.0,90.0,110.0,230.0,110.0,100.0,160.0,240.0,100.0,90.0,80.0,90.0,90.0,100.0,90.0,140.0,130.0,100.0,320.0,180.0,190.0,140.0,200.0,600.0,520.0,80.0,970.0,40.0,,,,,,
110.0,110.0,90.0,100.0,120.0,110.0,120.0,130.0,80.0,100.0,70.0,80.0,80.0,100.0,100.0,100.0,120.0,120.0,70.0,90.0,70.0,90.0,70.0,100.0,100.0,120.0,100.0,120.0,90.0,120.0,290.0,130.0,80.0,170.0,90.0,90.0,80.0,90.0,90.0,160.0,230.0,80.0,150.0,140.0,170.0,110.0,100.0,110.0,110.0,100.0,100.0,90.0,90.0,310.0,310.0,450.0,130.0,,,,,,
70.0,80.0,70.0,90.0,80.0,80.0,70.0,100.0,110.0,70.0,80.0,80.0,80.0,110.0,70.0,60.0,80.0,90.0,120.0,100.0,120.0,80.0,80.0,100.0,170.0,70.0,70.0,80.0,100.0,70.0,70.0,120.0,60.0,70.0,120.0,90.0,200.0,570.0,180.0,120.0,240.0,130.0,100.0,140.0,100.0,100.0,230.0,90.0,260.0,120.0,160.0,90.0,90.0,160.0,240.0,180.0,880.0,,,,,,
80.0,80.0,90.0,80.0,80.0,90.0,80.0,70.0,90.0,90.0,70.0,120.0,100.0,90.0,70.0,80.0,70.0,80.0,100.0,90.0,90.0,110.0,90.0,80.0,100.0,80.0,80.0,100.0,80.0,70.0,90.0,120.0,80.0,120.0,70.0,90.0,80.0,90.0,90.0,140.0,120.0,220.0,280.0,100.0,100.0,250.0,180.0,350.0,140.0,450.0,1150.0,180.0,320.0,390.0,160.0,80.0,,,,,,,
70.0,100.0,70.0,110.0,70.0,140.0,80.0,90.0,90.0,100.0,80.0,90.0,90.0,80.0,80.0,80.0,90.0,120.0,110.0,110.0,80.0,90.0,110.0,100.0,90.0,70.0,80.0,70.0,70.0,80.0,80.0,90.0,100.0,160.0,100.0,80.0,90.0,300.0,230.0,80.0,80.0,170.0,70.0,100.0,110.0,130.0,80.0,270.0,150.0,240.0,250.0,80.0,430.0,380.0,260.0,370.0,,,,,,,
100.0,80.0,70.0,70.0,80.0,100.0,80.0,100.0,90.0,110.0,130.0,220.0,240.0,90.0,80.0,80.0,150.0,100.0,80.0,100.0,100.0,100.0,100.0,80.0,130.0,100.0,110.0,90.0,90.0,80.0,90.0,60.0,100.0,90.0,80.0,100.0,80.0,100.0,140.0,100.0,100.0,210.0,110.0,100.0,260.0,340.0,200.0,580.0,160.0,110.0,120.0,80.0,70.0,380.0,220.0,,,,,,,,
60.0,100.0,70.0,60.0,70.0,60.0,70.0,70.0,80.0,50.0,90.0,60.0,110.0,70.0,100.0,110.0,100.0,110.0,70.0,80.0,70.0,90.0,130.0,90.0,70.0,100.0,80.0,80.0,90.0,80.0,110.0,100.0,100.0,90.0,130.0,80.0,90.0,70.0,90.0,100.0,60.0,120.0,70.0,100.0,130.0,90.0,120.0,130.0,80.0,80.0,100.0,120.0,140.0,410.0,,,,,,,,,
70.0,80.0,70.0,80.0,80.0,140.0,110.0,110.0,150.0,120.0,80.0,120.0,90.0,100.0,60.0,80.0,130.0,70.0,220.0,260.0,80.0,120.0,170.0,80.0,250.0,90.0,130.0,110.0,190.0,80.0,110.0,90.0,160.0,140.0,110.0,130.0,330.0,190.0,170.0,190.0,70.0,270.0,120.0,260.0,110.0,120.0,90.0,190.0,80.0,110.0,190.0,180.0,170.0,100.0,,,,,,,,,
90.0,90.0,80.0,80.0,130.0,110.0,100.0,110.0,110.0,80.0,80.0,80.0,120.0,90.0,80.0,100.0,120.0,100.0,110.0,140.0,140.0,110.0,80.0,130.0,120.0,120.0,100.0,100.0,90.0,150.0,100.0,100.0,100.0,260.0,100.0,100.0,100.0,140.0,100.0,110.0,100.0,170.0,80.0,160.0,130.0,140.0,130.0,130.0,130.0,150.0,140.0,150.0,450.0,,,,,,,,,,
120.0,130.0,120.0,130.0,200.0,150.0,50.0,140.0,140.0,140.0,130.0,140.0,80.0,80.0,70.0,80.0,140.0,200.0,220.0,100.0,100.0,210.0,110.0,160.0,140.0,120.0,90.0,280.0,110.0,80.0,150.0,270.0,90.0,90.0,120.0,100.0,180.0,160.0,180.0,360.0,130.0,180.0,100.0,300.0,290.0,130.0,390.0,320.0,210.0,280.0,440.0,,,,,,,,,,,,
90.0,90.0,120.0,110.0,120.0,110.0,130.0,110.0,130.0,110.0,80.0,90.0,80.0,100.0,120.0,110.0,140.0,110.0,110.0,100.0,110.0,110.0,120.0,100.0,130.0,140.0,90.0,110.0,110.0,100.0,140.0,130.0,510.0,160.0,130.0,120.0,90.0,100.0,110.0,120.0,140.0,100.0,110.0,110.0,110.0,190.0,920.0,400.0,160.0,670.0,,,,,,,,,,,,,
80.0,80.0,80.0,80.0,80.0,70.0,90.0,60.0,90.0,90.0,110.0,80.0,80.0,100.0,70.0,90.0,130.0,70.0,100.0,80.0,290.0,120.0,80.0,60.0,130.0,80.0,110.0,160.0,80.0,80.0,80.0,80.0,90.0,130.0,170.0,70.0,70.0,80.0,90.0,80.0,200.0,90.0,190.0,270.0,350.0,260.0,140.0,360.0,500.0,,,,,,,,,,,,,,
120.0,110.0,200.0,100.0,100.0,90.0,100.0,110.0,120.0,110.0,90.0,110.0,100.0,150.0,120.0,180.0,100.0,120.0,170.0,240.0,100.0,130.0,120.0,90.0,130.0,150.0,150.0,150.0,160.0,160.0,120.0,120.0,140.0,220.0,240.0,280.0,280.0,150.0,190.0,300.0,560.0,200.0,170.0,260.0,450.0,140.0,410.0,250.0,,,,,,,,,,,,,,,
60.0,80.0,60.0,70.0,70.0,60.0,70.0,60.0,80.0,60.0,90.0,80.0,100.0,70.0,70.0,80.0,70.0,70.0,80.0,80.0,90.0,80.0,70.0,80.0,190.0,110.0,60.0,70.0,70.0,80.0,90.0,80.0,80.0,70.0,130.0,60.0,430.0,1120.0,60.0,80.0,100.0,70.0,80.0,90.0,100.0,490.0,400.0,490.0,,,,,,,,,,,,,,,
60.0,80.0,80.0,90.0,90.0,90.0,90.0,70.0,80.0,70.0,70.0,90.0,110.0,110.0,80.0,70.0,80.0,80.0,80.0,80.0,80.0,90.0,100.0,70.0,70.0,70.0,80.0,90.0,70.0,70.0,80.0,40.0,50.0,110.0,160.0,80.0,90.0,90.0,70.0,80.0,90.0,80.0,80.0,80.0,130.0,710.0,540.0,,,,,,,,,,,,,,,,
70.0,130.0,90.0,110.0,70.0,120.0,60.0,80.0,80.0,90.0,70.0,90.0,80.0,100.0,70.0,90.0,100.0,90.0,80.0,100.0,80.0,90.0,80.0,110.0,210.0,80.0,100.0,210.0,190.0,240.0,280.0,110.0,160.0,80.0,70.0,60.0,90.0,110.0,150.0,380.0,140.0,100.0,200.0,280.0,170.0,230.0,1380.0,,,,,,,,,,,,,,,,
100.0,80.0,80.0,80.0,90.0,60.0,70.0,80.0,90.0,70.0,100.0,90.0,80.0,80.0,80.0,80.0,90.0,100.0,80.0,90.0,100.0,70.0,120.0,120.0,90.0,150.0,330.0,130.0,150.0,100.0,100.0,100.0,140.0,160.0,90.0,110.0,110.0,140.0,120.0,70.0,150.0,160.0,140.0,110.0,100.0,110.0,390.0,,,,,,,,,,,,,,,,
120.0,100.0,100.0,100.0,90.0,110.0,90.0,90.0,110.0,100.0,100.0,90.0,100.0,70.0,110.0,90.0,140.0,120.0,140.0,130.0,150.0,150.0,150.0,140.0,130.0,130.0,130.0,130.0,140.0,100.0,150.0,90.0,130.0,180.0,150.0,140.0,140.0,140.0,100.0,150.0,160.0,160.0,170.0,520.0,410.0,430.0,540.0,,,,,,,,,,,,,,,,
80.0,70.0,70.0,120.0,130.0,120.0,100.0,100.0,140.0,100.0,110.0,150.0,120.0,90.0,100.0,80.0,80.0,80.0,100.0,90.0,130.0,100.0,110.0,140.0,100.0,120.0,120.0,100.0,100.0,100.0,100.0,130.0,180.0,80.0,220.0,130.0,220.0,150.0,100.0,100.0,120.0,210.0,100.0,80.0,150.0,780.0,,,,,,,,,,,,,,,,,
100.0,170.0,100.0,110.0,100.0,90.0,120.0,130.0,140.0,140.0,120.0,180.0,220.0,100.0,110.0,100.0,160.0,120.0,90.0,100.0,80.0,120.0,80.0,130.0,140.0,110.0,140.0,240.0,250.0,160.0,110.0,90.0,90.0,100.0,160.0,100.0,220.0,110.0,100.0,140.0,160.0,110.0,250.0,600.0,320.0,180.0,,,,,,,,,,,,,,,,,
100.0,100.0,110.0,90.0,80.0,60.0,100.0,70.0,90.0,100.0,100.0,130.0,80.0,90.0,70.0,80.0,80.0,80.0,100.0,60.0,110.0,90.0,110.0,140.0,90.0,80.0,130.0,220.0,130.0,140.0,100.0,120.0,100.0,100.0,90.0,90.0,80.0,100.0,110.0,540.0,150.0,160.0,340.0,230.0,170.0,1680.0,,,,,,,,,,,,,,,,,
90.0,70.0,70.0,80.0,110.0,90.0,110.0,80.0,70.0,80.0,90.0,80.0,110.0,110.0,90.0,60.0,90.0,120.0,80.0,90.0,70.0,60.0,90.0,80.0,70.0,70.0,90.0,110.0,150.0,80.0,130.0,170.0,90.0,90.0,180.0,80.0,200.0,100.0,90.0,80.0,170.0,130.0,180.0,210.0,360.0,760.0,,,,,,,,,,,,,,,,,
70.0,80.0,80.0,70.0,100.0,120.0,70.0,80.0,70.0,70.0,140.0,70.0,100.0,80.0,80.0,80.0,80.0,80.0,70.0,100.0,80.0,80.0,80.0,100.0,70.0,80.0,110.0,70.0,80.0,110.0,80.0,120.0,130.0,70.0,210.0,60.0,90.0,60.0,80.0,80.0,260.0,240.0,410.0,420.0,2230.0,,,,,,,,,,,,,,,,,,
80.0,70.0,70.0,70.0,80.0,70.0,80.0,90.0,60.0,80.0,60.0,70.0,90.0,80.0,90.0,80.0,60.0,90.0,70.0,70.0,100.0,70.0,70.0,70.0,80.0,80.0,70.0,70.0,140.0,80.0,80.0,70.0,110.0,100.0,70.0,130.0,80.0,70.0,90.0,90.0,100.0,80.0,450.0,230.0,,,,,,,,,,,,,,,,,,,
80.0,70.0,70.0,80.0,80.0,110.0,180.0,80.0,80.0,60.0,70.0,110.0,70.0,90.0,180.0,150.0,210.0,110.0,150.0,180.0,100.0,130.0,60.0,80.0,140.0,90.0,90.0,90.0,80.0,90.0,70.0,90.0,80.0,90.0,110.0,140.0,80.0,110.0,370.0,110.0,220.0,360.0,170.0,1470.0,,,,,,,,,,,,,,,,,,,
90.0,80.0,100.0,100.0,110.0,130.0,170.0,130.0,50.0,130.0,90.0,80.0,60.0,90.0,120.0,90.0,100.0,70.0,110.0,90.0,70.0,110.0,90.0,100.0,80.0,60.0,80.0,80.0,90.0,90.0,80.0,80.0,100.0,80.0,100.0,80.0,130.0,110.0,100.0,110.0,110.0,220.0,180.0,40.0,,,,,,,,,,,,,,,,,,,
80.0,80.0,80.0,80.0,80.0,60.0,70.0,80.0,60.0,80.0,70.0,90.0,80.0,70.0,80.0,70.0,80.0,70.0,90.0,70.0,50.0,90.0,100.0,80.0,80.0,80.0,70.0,130.0,130.0,80.0,90.0,70.0,230.0,70.0,90.0,100.0,80.0,10.0,230.0,220.0,160.0,440.0,1330.0,,,,,,,,,,,,,,,,,,,,
70.0,90.0,70.0,90.0,80.0,100.0,90.0,70.0,50.0,90.0,60.0,100.0,100.0,80.0,70.0,100.0,70.0,150.0,70.0,90.0,90.0,70.0,70.0,80.0,80.0,90.0,100.0,70.0,540.0,100.0,160.0,100.0,110.0,100.0,110.0,120.0,80.0,180.0,100.0,90.0,170.0,290.0,2940.0,,,,,,,,,,,,,,,,,,,,
130.0,120.0,100.0,100.0,110.0,70.0,70.0,80.0,70.0,70.0,80.0,90.0,90.0,60.0,90.0,80.0,70.0,90.0,110.0,90.0,150.0,70.0,90.0,90.0,80.0,130.0,80.0,90.0,110.0,180.0,60.0,120.0,80.0,80.0,90.0,70.0,120.0,100.0,420.0,90.0,330.0,200.0,1370.0,,,,,,,,,,,,,,,,,,,,
70.0,80.0,60.0,70.0,80.0,90.0,90.0,90.0,80.0,70.0,130.0,60.0,100.0,90.0,80.0,70.0,80.0,130.0,160.0,110.0,100.0,90.0,90.0,100.0,100.0,100.0,80.0,80.0,80.0,70.0,90.0,70.0,110.0,100.0,70.0,90.0,100.0,260.0,110.0,90.0,170.0,100.0,780.0,,,,,,,,,,,,,,,,,,,,
120.0,130.0,140.0,120.0,100.0,100.0,70.0,80.0,110.0,60.0,90.0,80.0,110.0,90.0,100.0,90.0,90.0,90.0,120.0,70.0,80.0,100.0,90.0,110.0,120.0,130.0,90.0,160.0,120.0,90.0,90.0,100.0,110.0,110.0,110.0,70.0,140.0,110.0,90.0,130.0,250.0,330.0,2380.0,,,,,,,,,,,,,,,,,,,,
60.0,100.0,60.0,70.0,120.0,80.0,60.0,90.0,80.0,80.0,80.0,90.0,60.0,70.0,70.0,80.0,90.0,90.0,100.0,90.0,90.0,110.0,100.0,90.0,90.0,90.0,80.0,100.0,80.0,100.0,100.0,80.0,120.0,80.0,90.0,140.0,130.0,100.0,110.0,100.0,630.0,210.0,2050.0,,,,,,,,,,,,,,,,,,,,
110.0,140.0,100.0,130.0,90.0,80.0,140.0,100.0,140.0,160.0,170.0,120.0,100.0,130.0,140.0,140.0,200.0,210.0,140.0,80.0,80.0,150.0,90.0,470.0,130.0,130.0,320.0,390.0,210.0,330.0,160.0,190.0,300.0,110.0,120.0,120.0,130.0,630.0,270.0,460.0,300.0,280.0,,,,,,,,,,,,,,,,,,,,,
90.0,70.0,100.0,120.0,70.0,100.0,80.0,100.0,110.0,80.0,110.0,110.0,90.0,100.0,120.0,70.0,80.0,230.0,100.0,110.0,280.0,80.0,90.0,120.0,120.0,170.0,120.0,200.0,100.0,110.0,100.0,120.0,100.0,110.0,120.0,160.0,330.0,200.0,350.0,200.0,130.0,230.0,,,,,,,,,,,,,,,,,,,,,
70.0,100.0,60.0,70.0,70.0,70.0,60.0,80.0,70.0,80.0,100.0,100.0,80.0,70.0,70.0,80.0,90.0,140.0,80.0,60.0,80.0,110.0,90.0,70.0,70.0,70.0,80.0,90.0,90.0,110.0,70.0,80.0,90.0,70.0,70.0,110.0,340.0,510.0,370.0,140.0,240.0,1290.0,,,,,,,,,,,,,,,,,,,,,
60.0,80.0,70.0,80.0,80.0,60.0,80.0,110.0,90.0,70.0,80.0,80.0,70.0,70.0,80.0,70.0,80.0,80.0,90.0,70.0,80.0,100.0,140.0,80.0,60.0,100.0,80.0,70.0,100.0,90.0,110.0,80.0,70.0,80.0,70.0,100.0,150.0,180.0,230.0,260.0,510.0,,,,,,,,,,,,,,,,,,,,,,
110.0,130.0,130.0,110.0,120.0,110.0,110.0,100.0,90.0,80.0,80.0,70.0,100.0,80.0,80.0,80.0,80.0,80.0,110.0,100.0,100.0,100.0,90.0,110.0,100.0,90.0,140.0,150.0,80.0,90.0,80.0,100.0,70.0,100.0,80.0,170.0,110.0,80.0,90.0,190.0,390.0,,,,,,,,,,,,,,,,,,,,,,
100.0,90.0,80.0,70.0,100.0,100.0,100.0,80.0,90.0,100.0,120.0,60.0,80.0,90.0,90.0,50.0,60.0,90.0,100.0,100.0,90.0,110.0,80.0,80.0,70.0,90.0,110.0,70.0,90.0,80.0,360.0,70.0,90.0,90.0,100.0,120.0,70.0,80.0,80.0,200.0,600.0,,,,,,,,,,,,,,,,,,,,,,
120.0,110.0,90.0,120.0,120.0,90.0,120.0,110.0,110.0,110.0,100.0,100.0,80.0,120.0,140.0,80.0,120.0,110.0,200.0,170.0,100.0,100.0,140.0,100.0,140.0,160.0,130.0,90.0,150.0,160.0,250.0,140.0,120.0,130.0,140.0,210.0,120.0,140.0,390.0,320.0,370.0,,,,,,,,,,,,,,,,,,,,,,
100.0,90.0,90.0,110.0,100.0,100.0,100.0,150.0,90.0,80.0,90.0,80.0,90.0,100.0,90.0,90.0,120.0,130.0,100.0,110.0,100.0,140.0,110.0,120.0,170.0,120.0,120.0,180.0,130.0,130.0,110.0,130.0,240.0,120.0,110.0,260.0,170.0,210.0,410.0,470.0,220.0,,,,,,,,,,,,,,,,,,,,,,
70.0,90.0,100.0,100.0,90.0,80.0,100.0,110.0,160.0,150.0,140.0,110.0,570.0,220.0,150.0,230.0,230.0,290.0,190.0,150.0,110.0,240.0,180.0,130.0,130.0,120.0,160.0,300.0,130.0,340.0,110.0,350.0,120.0,120.0,130.0,160.0,200.0,190.0,400.0,110.0,,,,,,,,,,,,,,,,,,,,,,,
80.0,70.0,70.0,70.0,80.0,80.0,80.0,100.0,90.0,80.0,80.0,90.0,90.0,130.0,170.0,240.0,80.0,80.0,70.0,80.0,80.0,120.0,70.0,140.0,60.0,90.0,90.0,80.0,100.0,100.0,140.0,210.0,180.0,190.0,110.0,90.0,90.0,190.0,160.0,430.0,,,,,,,,,,,,,,,,,,,,,,,
100.0,120.0,120.0,130.0,100.0,80.0,90.0,90.0,70.0,90.0,80.0,90.0,90.0,70.0,80.0,90.0,100.0,90.0,70.0,120.0,70.0,110.0,100.0,110.0,130.0,90.0,110.0,110.0,90.0,100.0,70.0,110.0,120.0,140.0,100.0,100.0,90.0,140.0,540.0,220.0,,,,,,,,,,,,,,,,,,,,,,,
90.0,80.0,80.0,120.0,110.0,100.0,120.0,80.0,90.0,80.0,100.0,80.0,110.0,90.0,140.0,90.0,110.0,80.0,80.0,80.0,100.0,80.0,100.0,130.0,90.0,120.0,90.0,130.0,90.0,100.0,120.0,110.0,110.0,120.0,250.0,130.0,70.0,90.0,130.0,580.0,,,,,,,,,,,,,,,,,,,,,,,
120.0,100.0,130.0,120.0,110.0,110.0,50.0,90.0,90.0,80.0,100.0,80.0,70.0,90.0,120.0,120.0,100.0,130.0,130.0,90.0,90.0,90.0,130.0,90.0,100.0,110.0,100.0,110.0,110.0,130.0,100.0,140.0,130.0,110.0,130.0,110.0,200.0,120.0,370.0,2480.0,,,,,,,,,,,,,,,,,,,,,,,
70.0,60.0,70.0,70.0,90.0,80.0,90.0,140.0,130.0,110.0,100.0,80.0,80.0,90.0,60.0,90.0,80.0,80.0,80.0,80.0,90.0,120.0,160.0,80.0,130.0,70.0,130.0,80.0,70.0,80.0,110.0,70.0,100.0,130.0,70.0,90.0,80.0,110.0,320.0,1760.0,,,,,,,,,,,,,,,,,,,,,,,
60.0,100.0,80.0,60.0,70.0,60.0,70.0,70.0,70.0,70.0,60.0,80.0,60.0,130.0,60.0,80.0,90.0,80.0,70.0,100.0,80.0,80.0,160.0,70.0,140.0,100.0,70.0,170.0,70.0,100.0,130.0,80.0,120.0,80.0,80.0,120.0,120.0,80.0,140.0,2150.0,,,,,,,,,,,,,,,,,,,,,,,
80.0,80.0,90.0,100.0,120.0,110.0,110.0,80.0,80.0,70.0,90.0,80.0,80.0,80.0,100.0,120.0,90.0,80.0,100.0,80.0,100.0,120.0,80.0,90.0,90.0,160.0,90.0,90.0,70.0,80.0,90.0,130.0,120.0,140.0,130.0,120.0,270.0,340.0,440.0,,,,,,,,,,,,,,,,,,,,,,,,
80.0,110.0,100.0,100.0,110.0,120.0,120.0,130.0,150.0,90.0,70.0,100.0,120.0,100.0,100.0,120.0,120.0,80.0,230.0,100.0,80.0,70.0,120.0,140.0,70.0,260.0,90.0,80.0,180.0,80.0,110.0,50.0,90.0,60.0,60.0,230.0,90.0,130.0,110.0,,,,,,,,,,,,,,,,,,,,,,,,
80.0,70.0,80.0,70.0,80.0,80.0,70.0,80.0,100.0,80.0,90.0,120.0,120.0,120.0,70.0,80.0,90.0,110.0,70.0,80.0,90.0,70.0,120.0,90.0,90.0,130.0,70.0,80.0,100.0,70.0,90.0,70.0,190.0,160.0,260.0,280.0,220.0,860.0,970.0,,,,,,,,,,,,,,,,,,,,,,,,
80.0,60.0,80.0,90.0,60.0,130.0,90.0,70.0,80.0,110.0,70.0,70.0,70.0,130.0,70.0,70.0,100.0,90.0,110.0,170.0,150.0,100.0,160.0,120.0,120.0,120.0,100.0,80.0,160.0,160.0,150.0,120.0,180.0,170.0,270.0,200.0,280.0,180.0,,,,,,,,,,,,,,,,,,,,,,,,,
90.0,60.0,70.0,70.0,70.0,80.0,70.0,60.0,70.0,80.0,80.0,90.0,80.0,90.0,110.0,100.0,70.0,70.0,100.0,100.0,180.0,90.0,80.0,90.0,100.0,230.0,80.0,80.0,150.0,80.0,80.0,60.0,70.0,100.0,120.0,390.0,240.0,3430.0,,,,,,,,,,,,,,,,,,,,,,,,,
60.0,80.0,80.0,80.0,80.0,80.0,80.0,90.0,90.0,80.0,70.0,80.0,90.0,70.0,80.0,90.0,100.0,70.0,70.0,80.0,80.0,100.0,80.0,70.0,100.0,90.0,80.0,230.0,70.0,70.0,80.0,80.0,90.0,80.0,350.0,410.0,530.0,870.0,,,,,,,,,,,,,,,,,,,,,,,,,
90.0,110.0,90.0,110.0,130.0,120.0,120.0,100.0,120.0,130.0,110.0,130.0,130.0,100.0,90.0,110.0,90.0,110.0,130.0,150.0,110.0,120.0,110.0,110.0,110.0,170.0,210.0,90.0,160.0,190.0,90.0,120.0,170.0,310.0,130.0,190.0,130.0,320.0,,,,,,,,,,,,,,,,,,,,,,,,,
70.0,90.0,100.0,70.0,70.0,90.0,70.0,80.0,80.0,110.0,80.0,90.0,80.0,90.0,80.0,90.0,100.0,80.0,70.0,90.0,110.0,90.0,70.0,110.0,140.0,80.0,80.0,70.0,90.0,80.0,90.0,110.0,120.0,180.0,170.0,400.0,580.0,270.0,,,,,,,,,,,,,,,,,,,,,,,,,
70.0,70.0,70.0,90.0,90.0,90.0,100.0,120.0,60.0,120.0,90.0,100.0,100.0,120.0,120.0,60.0,90.0,90.0,80.0,100.0,120.0,90.0,180.0,110.0,120.0,100.0,110.0,150.0,120.0,170.0,90.0,230.0,90.0,150.0,100.0,130.0,170.0,860.0,,,,,,,,,,,,,,,,,,,,,,,,,
80.0,100.0,90.0,100.0,130.0,90.0,110.0,120.0,110.0,150.0,250.0,130.0,130.0,160.0,170.0,120.0,130.0,130.0,120.0,120.0,130.0,150.0,150.0,180.0,120.0,280.0,140.0,180.0,170.0,120.0,120.0,130.0,200.0,220.0,170.0,180.0,270.0,320.0,,,,,,,,,,,,,,,,,,,,,,,,,
110.0,90.0,120.0,120.0,80.0,90.0,80.0,80.0,140.0,70.0,70.0,130.0,70.0,100.0,90.0,80.0,90.0,90.0,90.0,100.0,90.0,140.0,110.0,90.0,110.0,190.0,90.0,130.0,140.0,140.0,100.0,120.0,120.0,160.0,210.0,180.0,1110.0,,,,,,,,,,,,,,,,,,,,,,,,,,
100.0,80.0,100.0,60.0,80.0,90.0,90.0,70.0,90.0,70.0,100.0,90.0,80.0,70.0,80.0,80.0,90.0,80.0,120.0,150.0,110.0,80.0,80.0,80.0,70.0,80.0,100.0,110.0,90.0,180.0,100.0,120.0,130.0,140.0,230.0,650.0,700.0,,,,,,,,,,,,,,,,,,,,,,,,,,
70.0,100.0,70.0,70.0,70.0,70.0,70.0,70.0,70.0,60.0,70.0,70.0,70.0,80.0,90.0,70.0,60.0,100.0,90.0,80.0,100.0,90.0,70.0,90.0,80.0,70.0,100.0,130.0,140.0,80.0,200.0,90.0,80.0,100.0,190.0,190.0,820.0,,,,,,,,,,,,,,,,,,,,,,,,,,
90.0,90.0,90.0,120.0,130.0,110.0,170.0,120.0,80.0,120.0,140.0,100.0,110.0,110.0,100.0,120.0,110.0,70.0,130.0,100.0,110.0,100.0,100.0,80.0,110.0,120.0,110.0,110.0,100.0,130.0,120.0,110.0,100.0,80.0,110.0,170.0,190.0,,,,,,,,,,,,,,,,,,,,,,,,,,
100.0,120.0,120.0,70.0,90.0,90.0,90.0,70.0,120.0,80.0,90.0,80.0,110.0,80.0,90.0,90.0,100.0,120.0,120.0,90.0,110.0,90.0,90.0,90.0,180.0,150.0,80.0,70.0,90.0,150.0,110.0,100.0,110.0,140.0,380.0,360.0,530.0,,,,,,,,,,,,,,,,,,,,,,,,,,
60.0,80.0,110.0,60.0,80.0,70.0,70.0,80.0,60.0,70.0,70.0,90.0,100.0,100.0,90.0,80.0,90.0,160.0,80.0,70.0,110.0,220.0,100.0,70.0,60.0,80.0,130.0,80.0,80.0,110.0,150.0,280.0,140.0,120.0,270.0,2300.0,,,,,,,,,,,,,,,,,,,,,,,,,,,
90.0,70.0,80.0,70.0,70.0,70.0,80.0,70.0,70.0,70.0,90.0,90.0,90.0,80.0,90.0,80.0,80.0,130.0,120.0,80.0,70.0,90.0,90.0,70.0,100.0,130.0,180.0,130.0,150.0,70.0,70.0,90.0,60.0,90.0,110.0,400.0,,,,,,,,,,,,,,,,,,,,,,,,,,,
110.0,110.0,130.0,70.0,90.0,90.0,100.0,100.0,80.0,90.0,80.0,100.0,100.0,110.0,80.0,70.0,80.0,110.0,80.0,90.0,90.0,100.0,60.0,80.0,90.0,80.0,90.0,100.0,90.0,120.0,130.0,130.0,100.0,230.0,210.0,2040.0,,,,,,,,,,,,,,,,,,,,,,,,,,,
80.0,90.0,90.0,110.0,90.0,80.0,70.0,80.0,80.0,110.0,70.0,110.0,140.0,100.0,80.0,60.0,100.0,80.0,150.0,90.0,170.0,70.0,100.0,80.0,90.0,90.0,130.0,130.0,100.0,220.0,550.0,270.0,330.0,280.0,1860.0,,,,,,,,,,,,,,,,,,,,,,,,,,,,
70.0,80.0,90.0,120.0,120.0,110.0,90.0,130.0,90.0,80.0,100.0,70.0,80.0,140.0,80.0,100.0,110.0,50.0,90.0,60.0,70.0,100.0,70.0,100.0,60.0,90.0,80.0,80.0,100.0,80.0,90.0,110.0,80.0,240.0,1350.0,,,,,,,,,,,,,,,,,,,,,,,,,,,,
70.0,80.0,90.0,60.0,100.0,110.0,120.0,70.0,90.0,90.0,70.0,60.0,80.0,80.0,70.0,80.0,80.0,90.0,120.0,130.0,100.0,70.0,90.0,110.0,100.0,90.0,80.0,90.0,70.0,360.0,80.0,280.0,270.0,460.0,780.0,,,,,,,,,,,,,,,,,,,,,,,,,,,,
130.0,100.0,100.0,140.0,130.0,80.0,140.0,170.0,200.0,150.0,100.0,90.0,110.0,160.0,110.0,100.0,90.0,130.0,280.0,120.0,390.0,160.0,410.0,200.0,160.0,80.0,120.0,720.0,80.0,180.0,190.0,80.0,870.0,400.0,1390.0,,,,,,,,,,,,,,,,,,,,,,,,,,,,
80.0,80.0,90.0,70.0,70.0,70.0,70.0,70.0,80.0,70.0,90.0,60.0,90.0,70.0,80.0,70.0,90.0,90.0,100.0,140.0,170.0,250.0,150.0,240.0,140.0,110.0,120.0,120.0,110.0,100.0,60.0,100.0,70.0,90.0,390.0,,,,,,,,,,,,,,,,,,,,,,,,,,,,
70.0,90.0,90.0,80.0,70.0,90.0,70.0,80.0,80.0,100.0,80.0,90.0,100.0,110.0,100.0,100.0,70.0,80.0,70.0,90.0,50.0,70.0,80.0,80.0,90.0,80.0,80.0,110.0,90.0,120.0,150.0,340.0,210.0,470.0,1420.0,,,,,,,,,,,,,,,,,,,,,,,,,,,,
100.0,90.0,60.0,90.0,100.0,80.0,80.0,80.0,120.0,70.0,60.0,80.0,80.0,90.0,90.0,90.0,100.0,90.0,100.0,90.0,80.0,90.0,100.0,100.0,100.0,90.0,90.0,110.0,120.0,120.0,130.0,180.0,120.0,140.0,120.0,,,,,,,,,,,,,,,,,,,,,,,,,,,,
70.0,90.0,120.0,80.0,80.0,120.0,130.0,100.0,80.0,160.0,90.0,80.0,130.0,100.0,80.0,110.0,80.0,90.0,80.0,130.0,140.0,310.0,390.0,610.0,250.0,370.0,680.0,950.0,340.0,200.0,750.0,270.0,340.0,470.0,,,,,,,,,,,,,,,,,,,,,,,,,,,,,
70.0,70.0,70.0,80.0,70.0,60.0,60.0,110.0,70.0,100.0,80.0,80.0,70.0,70.0,90.0,150.0,90.0,80.0,70.0,70.0,190.0,200.0,80.0,70.0,80.0,100.0,70.0,70.0,80.0,80.0,350.0,400.0,190.0,1010.0,,,,,,,,,,,,,,,,,,,,,,,,,,,,,
70.0,70.0,70.0,80.0,70.0,70.0,80.0,90.0,60.0,80.0,110.0,80.0,80.0,150.0,90.0,120.0,220.0,210.0,210.0,90.0,80.0,90.0,70.0,120.0,90.0,90.0,70.0,90.0,90.0,290.0,260.0,240.0,210.0,360.0,,,,,,,,,,,,,,,,,,,,,,,,,,,,,
110.0,100.0,110.0,110.0,90.0,120.0,110.0,130.0,120.0,80.0,80.0,70.0,120.0,160.0,120.0,100.0,310.0,110.0,160.0,80.0,210.0,110.0,130.0,70.0,150.0,150.0,90.0,120.0,90.0,120.0,100.0,60.0,120.0,480.0,,,,,,,,,,,,,,,,,,,,,,,,,,,,,
110.0,130.0,80.0,100.0,70.0,80.0,80.0,100.0,130.0,90.0,100.0,80.0,80.0,100.0,100.0,80.0,140.0,70.0,80.0,100.0,80.0,90.0,140.0,70.0,160.0,140.0,100.0,170.0,90.0,230.0,190.0,160.0,200.0,1190.0,,,,,,,,,,,,,,,,,,,,,,,,,,,,,
120.0,150.0,100.0,120.0,70.0,90.0,80.0,70.0,90.0,70.0,90.0,90.0,150.0,90.0,90.0,90.0,70.0,80.0,80.0,120.0,150.0,90.0,100.0,110.0,80.0,50.0,120.0,150.0,110.0,340.0,190.0,100.0,540.0,270.0,,,,,,,,,,,,,,,,,,,,,,,,,,,,,
110.0,90.0,100.0,130.0,120.0,90.0,140.0,160.0,130.0,140.0,90.0,210.0,90.0,130.0,90.0,80.0,100.0,80.0,90.0,70.0,120.0,120.0,120.0,90.0,80.0,200.0,110.0,140.0,100.0,480.0,150.0,160.0,180.0,,,,,,,,,,,,,,,,,,,,,,,,,,,,,,
90.0,100.0,90.0,60.0,60.0,70.0,70.0,80.0,90.0,70.0,100.0,100.0,80.0,90.0,90.0,130.0,90.0,70.0,90.0,80.0,100.0,100.0,90.0,110.0,70.0,100.0,180.0,110.0,100.0,90.0,100.0,320.0,200.0,,,,,,,,,,,,,,,,,,,,,,,,,,,,,,
80.0,90.0,70.0,90.0,100.0,60.0,130.0,130.0,70.0,80.0,70.0,80.0,70.0,80.0,130.0,60.0,90.0,60.0,90.0,100.0,100.0,110.0,80.0,110.0,100.0,80.0,90.0,130.0,110.0,110.0,220.0,550.0,,,,,,,,,,,,,,,,,,,,,,,,,,,,,,,
100.0,80.0,70.0,70.0,70.0,80.0,90.0,90.0,90.0,90.0,70.0,80.0,70.0,70.0,160.0,100.0,80.0,80.0,90.0,100.0,160.0,80.0,120.0,80.0,90.0,110.0,100.0,90.0,100.0,120.0,230.0,170.0,,,,,,,,,,,,,,,,,,,,,,,,,,,,,,,
90.0,100.0,110.0,100.0,90.0,70.0,90.0,80.0,70.0,90.0,160.0,70.0,80.0,120.0,80.0,70.0,120.0,70.0,200.0,80.0,70.0,70.0,80.0,110.0,80.0,80.0,110.0,70.0,160.0,100.0,140.0,270.0,,,,,,,,,,,,,,,,,,,,,,,,,,,,,,,
70.0,170.0,70.0,80.0,60.0,80.0,80.0,70.0,90.0,90.0,50.0,100.0,80.0,70.0,80.0,70.0,70.0,80.0,90.0,90.0,90.0,80.0,70.0,70.0,70.0,190.0,70.0,70.0,230.0,370.0,350.0,460.0,,,,,,,,,,,,,,,,,,,,,,,,,,,,,,,
100.0,110.0,130.0,120.0,80.0,120.0,100.0,120.0,130.0,90.0,140.0,130.0,190.0,190.0,250.0,160.0,720.0,380.0,120.0,240.0,200.0,280.0,300.0,170.0,330.0,210.0,250.0,450.0,600.0,120.0,550.0,,,,,,,,,,,,,,,,,,,,,,,,,,,,,,,,
130.0,90.0,120.0,80.0,80.0,110.0,60.0,80.0,90.0,90.0,100.0,90.0,80.0,90.0,80.0,110.0,140.0,110.0,110.0,100.0,120.0,120.0,80.0,110.0,130.0,140.0,50.0,80.0,120.0,150.0,200.0,,,,,,,,,,,,,,,,,,,,,,,,,,,,,,,,
120.0,100.0,110.0,140.0,110.0,100.0,110.0,60.0,80.0,90.0,100.0,90.0,80.0,60.0,80.0,70.0,80.0,100.0,70.0,70.0,90.0,80.0,70.0,140.0,90.0,80.0,100.0,110.0,160.0,410.0,230.0,,,,,,,,,,,,,,,,,,,,,,,,,,,,,,,,
70.0,80.0,80.0,100.0,80.0,90.0,80.0,100.0,80.0,70.0,110.0,100.0,100.0,80.0,70.0,90.0,70.0,80.0,100.0,160.0,200.0,580.0,150.0,100.0,110.0,200.0,180.0,220.0,330.0,320.0,1440.0,,,,,,,,,,,,,,,,,,,,,,,,,,,,,,,,
90.0,90.0,90.0,60.0,80.0,80.0,70.0,90.0,90.0,90.0,110.0,90.0,100.0,70.0,90.0,80.0,150.0,70.0,80.0,80.0,70.0,110.0,80.0,80.0,90.0,80.0,70.0,90.0,230.0,200.0,3050.0,,,,,,,,,,,,,,,,,,,,,,,,,,,,,,,,
110.0,100.0,120.0,70.0,80.0,80.0,80.0,110.0,100.0,80.0,80.0,100.0,100.0,110.0,80.0,110.0,60.0,70.0,80.0,120.0,80.0,100.0,70.0,100.0,100.0,220.0,90.0,140.0,230.0,340.0,,,,,,,,,,,,,,,,,,,,,,,,,,,,,,,,,
110.0,110.0,120.0,120.0,100.0,130.0,70.0,100.0,120.0,110.0,80.0,120.0,80.0,170.0,80.0,80.0,100.0,100.0,120.0,130.0,150.0,120.0,110.0,200.0,160.0,120.0,560.0,190.0,140.0,210.0,,,,,,,,,,,,,,,,,,,,,,,,,,,,,,,,,
90.0,120.0,120.0,90.0,90.0,70.0,80.0,50.0,110.0,90.0,100.0,90.0,120.0,180.0,60.0,80.0,70.0,110.0,100.0,80.0,110.0,130.0,190.0,350.0,430.0,230.0,140.0,110.0,220.0,1420.0,,,,,,,,,,,,,,,,,,,,,,,,,,,,,,,,,
50.0,90.0,90.0,100.0,100.0,70.0,70.0,70.0,70.0,80.0,90.0,90.0,80.0,150.0,90.0,80.0,140.0,90.0,240.0,150.0,110.0,120.0,80.0,90.0,90.0,160.0,260.0,330.0,410.0,940.0,,,,,,,,,,,,,,,,,,,,,,,,,,,,,,,,,
60.0,100.0,100.0,80.0,90.0,90.0,100.0,90.0,80.0,70.0,100.0,80.0,110.0,100.0,90.0,90.0,70.0,70.0,80.0,80.0,110.0,70.0,100.0,100.0,90.0,90.0,140.0,150.0,190.0,270.0,,,,,,,,,,,,,,,,,,,,,,,,,,,,,,,,,
110.0,90.0,100.0,110.0,170.0,70.0,70.0,70.0,100.0,70.0,100.0,100.0,60.0,80.0,80.0,90.0,90.0,80.0,90.0,90.0,90.0,60.0,170.0,90.0,100.0,250.0,120.0,500.0,210.0,3120.0,,,,,,,,,,,,,,,,,,,,,,,,,,,,,,,,,
100.0,70.0,90.0,70.0,70.0,80.0,70.0,80.0,80.0,110.0,70.0,90.0,50.0,70.0,100.0,80.0,70.0,90.0,80.0,90.0,120.0,70.0,80.0,90.0,120.0,100.0,170.0,300.0,240.0,740.0,,,,,,,,,,,,,,,,,,,,,,,,,,,,,,,,,
50.0,70.0,70.0,100.0,60.0,70.0,110.0,70.0,70.0,80.0,70.0,90.0,90.0,70.0,70.0,70.0,80.0,70.0,70.0,60.0,110.0,70.0,80.0,80.0,90.0,80.0,130.0,90.0,80.0,160.0,,,,,,,,,,,,,,,,,,,,,,,,,,,,,,,,,
80.0,90.0,90.0,90.0,120.0,90.0,110.0,90.0,90.0,80.0,90.0,90.0,100.0,70.0,90.0,70.0,90.0,80.0,100.0,70.0,90.0,90.0,70.0,100.0,80.0,180.0,290.0,280.0,400.0,3330.0,,,,,,,,,,,,,,,,,,,,,,,,,,,,,,,,,
50.0,70.0,70.0,60.0,70.0,70.0,70.0,100.0,70.0,70.0,80.0,110.0,90.0,70.0,80.0,80.0,80.0,80.0,80.0,140.0,230.0,490.0,90.0,170.0,250.0,120.0,290.0,220.0,220.0,,,,,,,,,,,,,,,,,,,,,,,,,,,,,,,,,,
80.0,90.0,80.0,100.0,100.0,80.0,70.0,80.0,70.0,90.0,90.0,80.0,90.0,130.0,160.0,70.0,80.0,80.0,80.0,80.0,50.0,80.0,70.0,80.0,60.0,120.0,90.0,70.0,580.0,,,,,,,,,,,,,,,,,,,,,,,,,,,,,,,,,,
60.0,70.0,70.0,80.0,70.0,110.0,90.0,90.0,70.0,80.0,80.0,80.0,60.0,80.0,70.0,80.0,80.0,80.0,90.0,90.0,150.0,330.0,100.0,100.0,160.0,150.0,210.0,520.0,1320.0,,,,,,,,,,,,,,,,,,,,,,,,,,,,,,,,,,
100.0,120.0,130.0,100.0,100.0,90.0,100.0,70.0,100.0,70.0,90.0,100.0,100.0,130.0,120.0,80.0,90.0,110.0,90.0,80.0,100.0,80.0,80.0,130.0,450.0,380.0,340.0,190.0,680.0,,,,,,,,,,,,,,,,,,,,,,,,,,,,,,,,,,
80.0,90.0,80.0,110.0,80.0,100.0,90.0,90.0,80.0,70.0,80.0,90.0,90.0,90.0,90.0,70.0,200.0,70.0,80.0,120.0,80.0,100.0,60.0,90.0,80.0,110.0,170.0,370.0,570.0,,,,,,,,,,,,,,,,,,,,,,,,,,,,,,,,,,
110.0,80.0,70.0,80.0,100.0,60.0,80.0,90.0,80.0,70.0,90.0,90.0,60.0,90.0,90.0,80.0,80.0,200.0,140.0,160.0,140.0,190.0,110.0,70.0,80.0,80.0,100.0,160.0,110.0,,,,,,,,,,,,,,,,,,,,,,,,,,,,,,,,,,
80.0,90.0,130.0,140.0,100.0,140.0,80.0,130.0,100.0,100.0,90.0,120.0,150.0,90.0,80.0,110.0,80.0,90.0,100.0,150.0,80.0,130.0,90.0,110.0,130.0,250.0,560.0,530.0,750.0,,,,,,,,,,,,,,,,,,,,,,,,,,,,,,,,,,
70.0,80.0,160.0,180.0,150.0,200.0,90.0,140.0,80.0,110.0,170.0,90.0,100.0,110.0,110.0,90.0,180.0,130.0,240.0,130.0,100.0,150.0,240.0,370.0,360.0,190.0,500.0,1380.0,,,,,,,,,,,,,,,,,,,,,,,,,,,,,,,,,,,
90.0,90.0,100.0,120.0,90.0,90.0,110.0,100.0,100.0,140.0,110.0,90.0,100.0,120.0,100.0,140.0,80.0,80.0,90.0,90.0,80.0,110.0,100.0,110.0,230.0,70.0,210.0,550.0,,,,,,,,,,,,,,,,,,,,,,,,,,,,,,,,,,,
60.0,70.0,80.0,90.0,100.0,80.0,70.0,70.0,70.0,80.0,70.0,70.0,80.0,100.0,90.0,90.0,150.0,70.0,90.0,90.0,90.0,90.0,120.0,150.0,280.0,200.0,150.0,710.0,,,,,,,,,,,,,,,,,,,,,,,,,,,,,,,,,,,
90.0,70.0,80.0,100.0,100.0,100.0,70.0,100.0,100.0,100.0,110.0,80.0,90.0,80.0,70.0,90.0,100.0,80.0,80.0,90.0,80.0,80.0,100.0,110.0,560.0,190.0,370.0,1180.0,,,,,,,,,,,,,,,,,,,,,,,,,,,,,,,,,,,
110.0,90.0,110.0,90.0,120.0,100.0,80.0,110.0,100.0,100.0,120.0,90.0,70.0,90.0,110.0,100.0,120.0,160.0,100.0,140.0,250.0,390.0,190.0,90.0,90.0,100.0,160.0,370.0,,,,,,,,,,,,,,,,,,,,,,,,,,,,,,,,,,,
70.0,50.0,70.0,70.0,60.0,70.0,80.0,60.0,70.0,70.0,100.0,60.0,90.0,70.0,90.0,100.0,150.0,110.0,80.0,100.0,80.0,100.0,80.0,80.0,230.0,210.0,80.0,210.0,,,,,,,,,,,,,,,,,,,,,,,,,,,,,,,,,,,
70.0,90.0,80.0,100.0,80.0,100.0,80.0,80.0,100.0,90.0,100.0,100.0,100.0,90.0,120.0,90.0,60.0,130.0,130.0,100.0,140.0,120.0,150.0,180.0,180.0,290.0,1060.0,,,,,,,,,,,,,,,,,,,,,,,,,,,,,,,,,,,,
80.0,70.0,100.0,80.0,110.0,70.0,80.0,80.0,100.0,90.0,80.0,70.0,100.0,110.0,100.0,80.0,100.0,100.0,70.0,90.0,100.0,100.0,110.0,80.0,200.0,450.0,400.0,,,,,,,,,,,,,,,,,,,,,,,,,,,,,,,,,,,,
100.0,100.0,80.0,130.0,120.0,120.0,120.0,120.0,100.0,80.0,80.0,90.0,100.0,90.0,110.0,110.0,80.0,100.0,80.0,130.0,80.0,100.0,130.0,130.0,130.0,230.0,320.0,,,,,,,,,,,,,,,,,,,,,,,,,,,,,,,,,,,,
70.0,60.0,90.0,70.0,110.0,70.0,70.0,80.0,80.0,70.0,70.0,100.0,60.0,90.0,110.0,70.0,100.0,70.0,70.0,140.0,100.0,250.0,260.0,120.0,200.0,640.0,2590.0,,,,,,,,,,,,,,,,,,,,,,,,,,,,,,,,,,,,
120.0,80.0,140.0,120.0,110.0,100.0,100.0,280.0,210.0,80.0,90.0,120.0,120.0,90.0,120.0,140.0,110.0,100.0,100.0,120.0,130.0,130.0,130.0,290.0,350.0,3220.0,,,,,,,,,,,,,,,,,,,,,,,,,,,,,,,,,,,,,
70.0,80.0,80.0,90.0,90.0,110.0,80.0,110.0,70.0,90.0,100.0,190.0,120.0,70.0,100.0,80.0,80.0,90.0,100.0,70.0,110.0,90.0,90.0,100.0,90.0,260.0,,,,,,,,,,,,,,,,,,,,,,,,,,,,,,,,,,,,,
120.0,90.0,90.0,80.0,150.0,90.0,100.0,80.0,140.0,100.0,150.0,70.0,90.0,80.0,100.0,100.0,70.0,90.0,70.0,130.0,140.0,100.0,290.0,470.0,180.0,1110.0,,,,,,,,,,,,,,,,,,,,,,,,,,,,,,,,,,,,,
80.0,80.0,60.0,70.0,70.0,70.0,80.0,80.0,80.0,70.0,70.0,60.0,80.0,70.0,80.0,60.0,70.0,90.0,80.0,100.0,80.0,90.0,80.0,90.0,830.0,,,,,,,,,,,,,,,,,,,,,,,,,,,,,,,,,,,,,,
110.0,140.0,90.0,130.0,100.0,260.0,110.0,100.0,120.0,100.0,120.0,110.0,90.0,110.0,480.0,260.0,130.0,100.0,150.0,110.0,120.0,290.0,380.0,480.0,1010.0,,,,,,,,,,,,,,,,,,,,,,,,,,,,,,,,,,,,,,
80.0,90.0,70.0,70.0,120.0,100.0,70.0,80.0,180.0,60.0,70.0,80.0,80.0,100.0,70.0,80.0,80.0,230.0,80.0,270.0,140.0,180.0,170.0,210.0,,,,,,,,,,,,,,,,,,,,,,,,,,,,,,,,,,,,,,,
70.0,80.0,90.0,110.0,90.0,160.0,90.0,100.0,120.0,160.0,80.0,160.0,120.0,60.0,110.0,100.0,540.0,180.0,170.0,100.0,270.0,90.0,910.0,220.0,,,,,,,,,,,,,,,,,,,,,,,,,,,,,,,,,,,,,,,
60.0,70.0,90.0,70.0,80.0,80.0,110.0,90.0,100.0,80.0,60.0,90.0,100.0,90.0,100.0,90.0,300.0,150.0,260.0,420.0,170.0,120.0,410.0,590.0,,,,,,,,,,,,,,,,,,,,,,,,,,,,,,,,,,,,,,,
150.0,150.0,80.0,100.0,70.0,90.0,80.0,110.0,140.0,100.0,110.0,100.0,90.0,90.0,110.0,90.0,100.0,110.0,130.0,120.0,130.0,670.0,540.0,670.0,,,,,,,,,,,,,,,,,,,,,,,,,,,,,,,,,,,,,,,
80.0,110.0,80.0,90.0,70.0,70.0,70.0,80.0,90.0,80.0,90.0,70.0,70.0,90.0,70.0,80.0,80.0,70.0,90.0,90.0,90.0,110.0,320.0,,,,,,,,,,,,,,,,,,,,,,,,,,,,,,,,,,,,,,,,
70.0,120.0,70.0,120.0,80.0,120.0,100.0,150.0,90.0,110.0,130.0,130.0,160.0,100.0,40.0,80.0,140.0,90.0,360.0,500.0,160.0,110.0,730.0,,,,,,,,,,,,,,,,,,,,,,,,,,,,,,,,,,,,,,,,
80.0,70.0,90.0,110.0,100.0,120.0,90.0,140.0,120.0,90.0,130.0,180.0,100.0,120.0,120.0,180.0,90.0,160.0,270.0,100.0,320.0,450.0,180.0,,,,,,,,,,,,,,,,,,,,,,,,,,,,,,,,,,,,,,,,
90.0,80.0,80.0,80.0,90.0,100.0,110.0,130.0,80.0,90.0,90.0,80.0,130.0,110.0,110.0,100.0,90.0,120.0,90.0,200.0,220.0,260.0,430.0,,,,,,,,,,,,,,,,,,,,,,,,,,,,,,,,,,,,,,,,
90.0,100.0,120.0,110.0,130.0,100.0,130.0,130.0,110.0,120.0,140.0,110.0,120.0,120.0,110.0,100.0,90.0,100.0,130.0,90.0,110.0,120.0,1870.0,,,,,,,,,,,,,,,,,,,,,,,,,,,,,,,,,,,,,,,,
80.0,60.0,80.0,60.0,60.0,70.0,70.0,80.0,100.0,70.0,80.0,100.0,80.0,70.0,80.0,80.0,80.0,70.0,110.0,300.0,350.0,570.0,440.0,,,,,,,,,,,,,,,,,,,,,,,,,,,,,,,,,,,,,,,,
90.0,60.0,90.0,80.0,80.0,100.0,90.0,70.0,60.0,70.0,70.0,60.0,80.0,70.0,160.0,70.0,150.0,170.0,80.0,160.0,390.0,130.0,,,,,,,,,,,,,,,,,,,,,,,,,,,,,,,,,,,,,,,,,
60.0,80.0,70.0,70.0,100.0,70.0,80.0,90.0,50.0,70.0,90.0,90.0,80.0,150.0,70.0,90.0,110.0,210.0,230.0,290.0,290.0,340.0,,,,,,,,,,,,,,,,,,,,,,,,,,,,,,,,,,,,,,,,,
80.0,60.0,70.0,100.0,80.0,80.0,90.0,90.0,80.0,90.0,130.0,70.0,90.0,110.0,70.0,90.0,270.0,420.0,230.0,420.0,510.0,3430.0,,,,,,,,,,,,,,,,,,,,,,,,,,,,,,,,,,,,,,,,,
110.0,110.0,120.0,140.0,120.0,210.0,210.0,110.0,140.0,110.0,80.0,150.0,60.0,330.0,190.0,120.0,150.0,160.0,180.0,70.0,80.0,1930.0,,,,,,,,,,,,,,,,,,,,,,,,,,,,,,,,,,,,,,,,,
70.0,90.0,70.0,80.0,70.0,90.0,70.0,90.0,70.0,80.0,100.0,110.0,70.0,100.0,100.0,210.0,70.0,90.0,230.0,180.0,130.0,340.0,,,,,,,,,,,,,,,,,,,,,,,,,,,,,,,,,,,,,,,,,
90.0,70.0,90.0,90.0,90.0,90.0,90.0,90.0,80.0,80.0,90.0,90.0,70.0,110.0,90.0,80.0,100.0,90.0,110.0,370.0,300.0,240.0,,,,,,,,,,,,,,,,,,,,,,,,,,,,,,,,,,,,,,,,,
120.0,100.0,120.0,110.0,90.0,110.0,100.0,110.0,100.0,80.0,100.0,100.0,60.0,80.0,110.0,90.0,100.0,150.0,280.0,460.0,530.0,1650.0,,,,,,,,,,,,,,,,,,,,,,,,,,,,,,,,,,,,,,,,,
90.0,90.0,80.0,140.0,100.0,70.0,80.0,70.0,80.0,70.0,80.0,80.0,90.0,90.0,100.0,90.0,190.0,140.0,210.0,130.0,220.0,,,,,,,,,,,,,,,,,,,,,,,,,,,,,,,,,,,,,,,,,,
70.0,120.0,70.0,140.0,90.0,120.0,70.0,70.0,90.0,90.0,110.0,80.0,90.0,120.0,100.0,90.0,80.0,80.0,460.0,370.0,1830.0,,,,,,,,,,,,,,,,,,,,,,,,,,,,,,,,,,,,,,,,,,
100.0,90.0,120.0,80.0,70.0,80.0,220.0,200.0,70.0,90.0,80.0,60.0,70.0,80.0,80.0,80.0,80.0,80.0,90.0,90.0,2520.0,,,,,,,,,,,,,,,,,,,,,,,,,,,,,,,,,,,,,,,,,,
70.0,60.0,80.0,90.0,80.0,100.0,110.0,80.0,80.0,100.0,60.0,150.0,90.0,220.0,150.0,350.0,150.0,240.0,190.0,1530.0,,,,,,,,,,,,,,,,,,,,,,,,,,,,,,,,,,,,,,,,,,,
100.0,100.0,90.0,120.0,210.0,90.0,100.0,110.0,110.0,110.0,150.0,240.0,110.0,140.0,110.0,120.0,120.0,530.0,730.0,730.0,,,,,,,,,,,,,,,,,,,,,,,,,,,,,,,,,,,,,,,,,,,
90.0,80.0,90.0,120.0,80.0,70.0,70.0,100.0,50.0,80.0,70.0,90.0,90.0,150.0,90.0,110.0,200.0,430.0,400.0,130.0,,,,,,,,,,,,,,,,,,,,,,,,,,,,,,,,,,,,,,,,,,,
60.0,70.0,80.0,80.0,90.0,90.0,110.0,90.0,90.0,80.0,60.0,80.0,90.0,100.0,120.0,80.0,480.0,310.0,250.0,730.0,,,,,,,,,,,,,,,,,,,,,,,,,,,,,,,,,,,,,,,,,,,
90.0,80.0,60.0,60.0,70.0,70.0,60.0,80.0,80.0,80.0,70.0,80.0,80.0,70.0,70.0,90.0,210.0,320.0,270.0,1320.0,,,,,,,,,,,,,,,,,,,,,,,,,,,,,,,,,,,,,,,,,,,
70.0,60.0,70.0,70.0,70.0,120.0,140.0,300.0,110.0,100.0,80.0,70.0,90.0,80.0,110.0,180.0,450.0,400.0,170.0,620.0,,,,,,,,,,,,,,,,,,,,,,,,,,,,,,,,,,,,,,,,,,,
80.0,70.0,80.0,80.0,70.0,80.0,80.0,80.0,80.0,80.0,100.0,110.0,100.0,80.0,90.0,60.0,80.0,120.0,740.0,,,,,,,,,,,,,,,,,,,,,,,,,,,,,,,,,,,,,,,,,,,,
90.0,120.0,100.0,80.0,70.0,80.0,100.0,110.0,180.0,90.0,80.0,150.0,170.0,480.0,120.0,160.0,190.0,230.0,130.0,,,,,,,,,,,,,,,,,,,,,,,,,,,,,,,,,,,,,,,,,,,,
80.0,120.0,70.0,90.0,60.0,80.0,50.0,80.0,70.0,100.0,110.0,110.0,120.0,160.0,250.0,290.0,200.0,1330.0,,,,,,,,,,,,,,,,,,,,,,,,,,,,,,,,,,,,,,,,,,,,,
200.0,290.0,130.0,170.0,160.0,110.0,250.0,110.0,100.0,100.0,100.0,100.0,90.0,110.0,100.0,110.0,640.0,3560.0,,,,,,,,,,,,,,,,,,,,,,,,,,,,,,,,,,,,,,,,,,,,,
90.0,80.0,120.0,130.0,280.0,170.0,90.0,120.0,90.0,100.0,120.0,90.0,160.0,310.0,200.0,150.0,910.0,1150.0,,,,,,,,,,,,,,,,,,,,,,,,,,,,,,,,,,,,,,,,,,,,,
80.0,100.0,60.0,70.0,100.0,90.0,50.0,80.0,70.0,90.0,70.0,100.0,90.0,110.0,260.0,190.0,1970.0,,,,,,,,,,,,,,,,,,,,,,,,,,,,,,,,,,,,,,,,,,,,,,
60.0,70.0,90.0,110.0,90.0,80.0,100.0,90.0,70.0,70.0,100.0,90.0,100.0,160.0,230.0,190.0,1050.0,,,,,,,,,,,,,,,,,,,,,,,,,,,,,,,,,,,,,,,,,,,,,,
80.0,80.0,100.0,100.0,60.0,70.0,80.0,60.0,80.0,90.0,90.0,150.0,90.0,200.0,230.0,1380.0,,,,,,,,,,,,,,,,,,,,,,,,,,,,,,,,,,,,,,,,,,,,,,,
90.0,90.0,90.0,70.0,100.0,80.0,120.0,100.0,100.0,90.0,110.0,90.0,130.0,410.0,260.0,370.0,,,,,,,,,,,,,,,,,,,,,,,,,,,,,,,,,,,,,,,,,,,,,,,
110.0,90.0,90.0,120.0,110.0,110.0,160.0,120.0,100.0,120.0,100.0,80.0,110.0,100.0,120.0,2960.0,,,,,,,,,,,,,,,,,,,,,,,,,,,,,,,,,,,,,,,,,,,,,,,
90.0,70.0,80.0,70.0,80.0,100.0,100.0,250.0,80.0,90.0,100.0,80.0,90.0,70.0,130.0,570.0,,,,,,,,,,,,,,,,,,,,,,,,,,,,,,,,,,,,,,,,,,,,,,,
90.0,110.0,80.0,90.0,120.0,80.0,80.0,110.0,70.0,90.0,80.0,90.0,100.0,240.0,90.0,2480.0,,,,,,,,,,,,,,,,,,,,,,,,,,,,,,,,,,,,,,,,,,,,,,,
80.0,70.0,70.0,80.0,90.0,80.0,90.0,120.0,90.0,80.0,130.0,190.0,160.0,200.0,190.0,580.0,,,,,,,,,,,,,,,,,,,,,,,,,,,,,,,,,,,,,,,,,,,,,,,
70.0,70.0,70.0,100.0,80.0,90.0,100.0,80.0,70.0,100.0,80.0,70.0,90.0,130.0,90.0,290.0,,,,,,,,,,,,,,,,,,,,,,,,,,,,,,,,,,,,,,,,,,,,,,,
70.0,60.0,70.0,70.0,60.0,70.0,80.0,60.0,70.0,60.0,90.0,80.0,120.0,200.0,230.0,100.0,,,,,,,,,,,,,,,,,,,,,,,,,,,,,,,,,,,,,,,,,,,,,,,
150.0,80.0,70.0,110.0,130.0,100.0,120.0,80.0,60.0,70.0,390.0,160.0,230.0,400.0,790.0,,,,,,,,,,,,,,,,,,,,,,,,,,,,,,,,,,,,,,,,,,,,,,,,
70.0,80.0,80.0,70.0,70.0,80.0,80.0,70.0,80.0,80.0,70.0,90.0,90.0,60.0,50.0,,,,,,,,,,,,,,,,,,,,,,,,,,,,,,,,,,,,,,,,,,,,,,,,
70.0,70.0,70.0,90.0,90.0,70.0,130.0,80.0,130.0,260.0,160.0,230.0,180.0,1130.0,,,,,,,,,,,,,,,,,,,,,,,,,,,,,,,,,,,,,,,,,,,,,,,,,
90.0,90.0,80.0,90.0,80.0,90.0,80.0,80.0,90.0,80.0,120.0,150.0,240.0,270.0,,,,,,,,,,,,,,,,,,,,,,,,,,,,,,,,,,,,,,,,,,,,,,,,,
110.0,80.0,90.0,100.0,80.0,110.0,130.0,60.0,230.0,170.0,220.0,320.0,240.0,1240.0,,,,,,,,,,,,,,,,,,,,,,,,,,,,,,,,,,,,,,,,,,,,,,,,,
110.0,120.0,130.0,120.0,80.0,90.0,100.0,100.0,90.0,80.0,190.0,110.0,190.0,160.0,,,,,,,,,,,,,,,,,,,,,,,,,,,,,,,,,,,,,,,,,,,,,,,,,
70.0,90.0,120.0,60.0,100.0,100.0,80.0,200.0,150.0,120.0,120.0,130.0,1040.0,,,,,,,,,,,,,,,,,,,,,,,,,,,,,,,,,,,,,,,,,,,,,,,,,,
80.0,70.0,70.0,100.0,90.0,100.0,90.0,120.0,240.0,240.0,260.0,3240.0,,,,,,,,,,,,,,,,,,,,,,,,,,,,,,,,,,,,,,,,,,,,,,,,,,,
70.0,110.0,80.0,80.0,80.0,200.0,190.0,150.0,240.0,400.0,410.0,1560.0,,,,,,,,,,,,,,,,,,,,,,,,,,,,,,,,,,,,,,,,,,,,,,,,,,,
110.0,110.0,160.0,70.0,130.0,180.0,150.0,140.0,220.0,340.0,120.0,290.0,,,,,,,,,,,,,,,,,,,,,,,,,,,,,,,,,,,,,,,,,,,,,,,,,,,
100.0,90.0,90.0,100.0,90.0,110.0,80.0,110.0,110.0,220.0,220.0,2360.0,,,,,,,,,,,,,,,,,,,,,,,,,,,,,,,,,,,,,,,,,,,,,,,,,,,
90.0,100.0,110.0,80.0,100.0,90.0,180.0,180.0,100.0,190.0,400.0,2330.0,,,,,,,,,,,,,,,,,,,,,,,,,,,,,,,,,,,,,,,,,,,,,,,,,,,
60.0,70.0,70.0,70.0,90.0,60.0,80.0,110.0,150.0,200.0,300.0,270.0,,,,,,,,,,,,,,,,,,,,,,,,,,,,,,,,,,,,,,,,,,,,,,,,,,,
80.0,70.0,70.0,60.0,70.0,80.0,100.0,110.0,90.0,150.0,260.0,,,,,,,,,,,,,,,,,,,,,,,,,,,,,,,,,,,,,,,,,,,,,,,,,,,,
280.0,80.0,110.0,110.0,130.0,150.0,90.0,160.0,130.0,210.0,290.0,,,,,,,,,,,,,,,,,,,,,,,,,,,,,,,,,,,,,,,,,,,,,,,,,,,,
100.0,90.0,140.0,90.0,130.0,110.0,120.0,130.0,340.0,120.0,590.0,,,,,,,,,,,,,,,,,,,,,,,,,,,,,,,,,,,,,,,,,,,,,,,,,,,,
70.0,80.0,70.0,210.0,100.0,90.0,180.0,110.0,150.0,220.0,,,,,,,,,,,,,,,,,,,,,,,,,,,,,,,,,,,,,,,,,,,,,,,,,,,,,
80.0,80.0,140.0,160.0,90.0,90.0,100.0,120.0,2100.0,,,,,,,,,,,,,,,,,,,,,,,,,,,,,,,,,,,,,,,,,,,,,,,,,,,,,,
100.0,90.0,70.0,70.0,70.0,260.0,170.0,340.0,740.0,,,,,,,,,,,,,,,,,,,,,,,,,,,,,,,,,,,,,,,,,,,,,,,,,,,,,,
50.0,180.0,90.0,310.0,240.0,460.0,570.0,1050.0,,,,,,,,,,,,,,,,,,,,,,,,,,,,,,,,,,,,,,,,,,,,,,,,,,,,,,,
80.0,90.0,80.0,60.0,80.0,90.0,1510.0,,,,,,,,,,,,,,,,,,,,,,,,,,,,,,,,,,,,,,,,,,,,,,,,,,,,,,,,
100.0,110.0,180.0,90.0,90.0,740.0,,,,,,,,,,,,,,,,,,,,,,,,,,,,,,,,,,,,,,,,,,,,,,,,,,,,,,,,,
120.0,1290.0,,,,,,,,,,,,,,,,,,,,,,,,,,,,,,,,,,,,,,,,,,,,,,,,,,,,,,,,,,,,,
